<phyloxml xmlns:xsi="http://www.w3.org/2001/XMLSchema-instance"
 xsi:schemaLocation="http://www.phyloxml.org http://www.phyloxml.org/1.10/phylo
xml.xsd" xmlns="http://www.phyloxml.org">
<phylogeny rooted="true">
<clade>
	<clade>
		<clade>
			<clade>
				<clade>
					<clade>
						<clade>
							<name>0002A </name>
							<annotation>
								<desc></desc>
								<uri>0002A.html</uri>
							</annotation>
							<branch_length>30.7</branch_length>
						</clade>
						<clade>
							<name>0009A </name>
							<annotation>
								<desc></desc>
								<uri>0009A.html</uri>
							</annotation>
							<branch_length>33.6</branch_length>
						</clade>
						<branch_length>3</branch_length>
					</clade>
					<clade>
						<name>000CA </name>
						<annotation>
							<desc></desc>
							<uri>000CA.html</uri>
						</annotation>
						<branch_length>45.7</branch_length>
					</clade>
					<branch_length>7.16666666666667</branch_length>
				</clade>
				<clade>
					<name>0005A </name>
					<annotation>
						<desc></desc>
						<uri>0005A.html</uri>
					</annotation>
					<branch_length>51.2666666666667</branch_length>
				</clade>
				<branch_length>2.58333333333333</branch_length>
			</clade>
			<clade>
				<clade>
					<name>0003A </name>
					<annotation>
						<desc></desc>
						<uri>0003A.html</uri>
					</annotation>
					<branch_length>41.5</branch_length>
				</clade>
				<clade>
					<name>0004A </name>
					<annotation>
						<desc></desc>
						<uri>0004A.html</uri>
					</annotation>
					<branch_length>37.6</branch_length>
				</clade>
				<branch_length>11.55</branch_length>
			</clade>
			<branch_length>0.733333333333334</branch_length>
		</clade>
		<clade>
			<clade>
				<clade>
					<clade>
						<name>0007A </name>
						<annotation>
							<desc></desc>
							<uri>0007A.html</uri>
						</annotation>
						<branch_length>21</branch_length>
					</clade>
					<clade>
						<name>000BA </name>
						<annotation>
							<desc></desc>
							<uri>000BA.html</uri>
						</annotation>
						<branch_length>22.9</branch_length>
					</clade>
					<branch_length>1.65</branch_length>
				</clade>
				<clade>
					<name>000GA </name>
					<annotation>
						<desc></desc>
						<uri>000GA.html</uri>
					</annotation>
					<branch_length>20.95</branch_length>
				</clade>
				<branch_length>3.45</branch_length>
			</clade>
			<clade>
				<clade>
					<name>0001A </name>
					<annotation>
						<desc></desc>
						<uri>0001A.html</uri>
					</annotation>
					<branch_length>23.8</branch_length>
				</clade>
				<clade>
					<name>000EA </name>
					<annotation>
						<desc></desc>
						<uri>000EA.html</uri>
					</annotation>
					<branch_length>32.2</branch_length>
				</clade>
				<branch_length>2.7</branch_length>
			</clade>
			<branch_length>23.8833333333333</branch_length>
		</clade>
		<branch_length>0.798484848484849</branch_length>
	</clade>
	<clade>
		<clade>
			<clade>
				<clade>
					<clade>
						<name>000AA </name>
						<annotation>
							<desc></desc>
							<uri>000AA.html</uri>
						</annotation>
						<branch_length>39.4</branch_length>
					</clade>
					<clade>
						<name>000DA </name>
						<annotation>
							<desc></desc>
							<uri>000DA.html</uri>
						</annotation>
						<branch_length>31.2</branch_length>
					</clade>
					<branch_length>5.3</branch_length>
				</clade>
				<clade>
					<name>0006A </name>
					<annotation>
						<desc></desc>
						<uri>0006A.html</uri>
					</annotation>
					<branch_length>37.8</branch_length>
				</clade>
				<branch_length>0.550000000000001</branch_length>
			</clade>
			<clade>
				<clade>
					<name>0008A </name>
					<annotation>
						<desc></desc>
						<uri>0008A.html</uri>
					</annotation>
					<branch_length>42</branch_length>
				</clade>
				<clade>
					<name>000FA </name>
					<annotation>
						<desc></desc>
						<uri>000FA.html</uri>
					</annotation>
					<branch_length>41.8</branch_length>
				</clade>
				<branch_length>1.45</branch_length>
			</clade>
			<branch_length>6.65</branch_length>
		</clade>
		<clade>
			<name>0000A </name>
			<annotation>
				<desc></desc>
				<uri>0000A.html</uri>
			</annotation>
			<branch_length>43.2</branch_length>
		</clade>
		<branch_length>0.281818181818183</branch_length>
	</clade>
	<branch_length>0.1</branch_length>
<name>Z=  8.5</name>
</clade>
</phylogeny>
</phyloxml>

